tamanho,alcance,algoritmo,estrategia,execucoes,chegadas,desmaios,taxa_desmaio,paradas_medio,energia_desperdicada_medio,energia_gasta_medio,rotas_inviaveis,taxa_inviavel
8,longo,dijkstra,guloso,96,96,0,0.0,0.927,7.823,35.448,153,0.614
8,longo,dijkstra,todo_centro,96,96,0,0.0,1.375,23.0,35.448,153,0.614
8,longo,dijkstra,limiar_10,96,22,74,0.771,0.146,0.208,24.688,153,0.614
8,longo,dijkstra,limiar_25,96,52,44,0.458,0.458,2.167,29.302,153,0.614
8,longo,dijkstra,limiar_50,96,79,17,0.177,0.781,6.562,33.302,153,0.614
8,longo,dijkstra,otimo,96,96,0,0.0,0.927,10.031,35.448,153,0.614
8,medio,dijkstra,guloso,31,31,0,0.0,1.387,10.355,39.419,218,0.876
8,medio,dijkstra,todo_centro,31,31,0,0.0,1.645,18.323,39.419,218,0.876
8,medio,dijkstra,limiar_10,31,14,17,0.548,0.419,0.387,25.452,218,0.876
8,medio,dijkstra,limiar_25,31,17,14,0.452,0.613,1.226,27.871,218,0.876
8,medio,dijkstra,limiar_50,31,25,6,0.194,1.097,7.258,36.839,218,0.876
8,medio,dijkstra,otimo,31,31,0,0.0,1.387,10.774,39.419,218,0.876
8,longo,dfs,guloso,64,64,0,0.0,0.953,8.562,41.938,185,0.743
8,longo,dfs,todo_centro,64,64,0,0.0,1.438,24.781,41.938,185,0.743
8,longo,dfs,limiar_10,64,23,41,0.641,0.234,0.406,30.656,185,0.743
8,longo,dfs,limiar_25,64,36,28,0.438,0.453,1.641,34.469,185,0.743
8,longo,dfs,limiar_50,64,53,11,0.172,0.812,6.812,39.5,185,0.743
8,longo,dfs,otimo,64,64,0,0.0,0.953,9.297,41.938,185,0.743
8,longo,bfs,guloso,66,66,0,0.0,0.909,7.879,38.894,183,0.735
8,longo,bfs,todo_centro,66,66,0,0.0,1.364,22.545,38.894,183,0.735
8,longo,bfs,limiar_10,66,22,44,0.667,0.212,0.364,28.773,183,0.735
8,longo,bfs,limiar_25,66,38,28,0.424,0.455,1.742,32.303,183,0.735
8,longo,bfs,limiar_50,66,56,10,0.152,0.803,6.712,36.712,183,0.735
8,longo,bfs,otimo,66,66,0,0.0,0.909,8.591,38.894,183,0.735
8,medio,dfs,guloso,22,22,0,0.0,1.364,10.636,41.136,227,0.912
8,medio,dfs,todo_centro,22,22,0,0.0,1.5,13.455,41.136,227,0.912
8,medio,dfs,limiar_10,22,9,13,0.591,0.318,0.227,22.545,227,0.912
8,medio,dfs,limiar_25,22,10,12,0.545,0.409,0.727,23.909,227,0.912
8,medio,dfs,limiar_50,22,18,4,0.182,1.045,8.182,36.636,227,0.912
8,medio,dfs,otimo,22,22,0,0.0,1.364,10.636,41.136,227,0.912
8,medio,bfs,guloso,24,24,0,0.0,1.375,9.167,38.083,225,0.904
8,medio,bfs,todo_centro,24,24,0,0.0,1.5,11.75,38.083,225,0.904
8,medio,bfs,limiar_10,24,10,14,0.583,0.417,0.375,23.458,225,0.904
8,medio,bfs,limiar_25,24,13,11,0.458,0.583,1.083,24.917,225,0.904
8,medio,bfs,limiar_50,24,20,4,0.167,1.083,6.917,33.958,225,0.904
8,medio,bfs,otimo,24,24,0,0.0,1.375,9.167,38.083,225,0.904
8,curto,dfs,guloso,5,5,0,0.0,0.0,0.0,1.0,244,0.98
8,curto,dfs,todo_centro,5,5,0,0.0,0.0,0.0,1.0,244,0.98
8,curto,dfs,limiar_10,5,5,0,0.0,0.0,0.0,1.0,244,0.98
8,curto,dfs,limiar_25,5,5,0,0.0,0.0,0.0,1.0,244,0.98
8,curto,dfs,limiar_50,5,5,0,0.0,0.0,0.0,1.0,244,0.98
8,curto,dfs,otimo,5,5,0,0.0,0.0,0.0,1.0,244,0.98
8,curto,bfs,guloso,5,5,0,0.0,0.0,0.0,1.0,244,0.98
8,curto,bfs,todo_centro,5,5,0,0.0,0.0,0.0,1.0,244,0.98
8,curto,bfs,limiar_10,5,5,0,0.0,0.0,0.0,1.0,244,0.98
8,curto,bfs,limiar_25,5,5,0,0.0,0.0,0.0,1.0,244,0.98
8,curto,bfs,limiar_50,5,5,0,0.0,0.0,0.0,1.0,244,0.98
8,curto,bfs,otimo,5,5,0,0.0,0.0,0.0,1.0,244,0.98
8,curto,dijkstra,guloso,5,5,0,0.0,0.0,0.0,1.0,244,0.98
8,curto,dijkstra,todo_centro,5,5,0,0.0,0.0,0.0,1.0,244,0.98
8,curto,dijkstra,limiar_10,5,5,0,0.0,0.0,0.0,1.0,244,0.98
8,curto,dijkstra,limiar_25,5,5,0,0.0,0.0,0.0,1.0,244,0.98
8,curto,dijkstra,limiar_50,5,5,0,0.0,0.0,0.0,1.0,244,0.98
8,curto,dijkstra,otimo,5,5,0,0.0,0.0,0.0,1.0,244,0.98
15,curto,dfs,guloso,6,6,0,0.0,0.0,0.0,1.0,132,0.957
15,curto,dfs,todo_centro,6,6,0,0.0,0.0,0.0,1.0,132,0.957
15,curto,dfs,limiar_10,6,6,0,0.0,0.0,0.0,1.0,132,0.957
15,curto,dfs,limiar_25,6,6,0,0.0,0.0,0.0,1.0,132,0.957
15,curto,dfs,limiar_50,6,6,0,0.0,0.0,0.0,1.0,132,0.957
15,curto,dfs,otimo,6,6,0,0.0,0.0,0.0,1.0,132,0.957
15,curto,bfs,guloso,6,6,0,0.0,0.0,0.0,1.0,132,0.957
15,curto,bfs,todo_centro,6,6,0,0.0,0.0,0.0,1.0,132,0.957
15,curto,bfs,limiar_10,6,6,0,0.0,0.0,0.0,1.0,132,0.957
15,curto,bfs,limiar_25,6,6,0,0.0,0.0,0.0,1.0,132,0.957
15,curto,bfs,limiar_50,6,6,0,0.0,0.0,0.0,1.0,132,0.957
15,curto,bfs,otimo,6,6,0,0.0,0.0,0.0,1.0,132,0.957
15,curto,dijkstra,guloso,11,11,0,0.0,1.455,5.364,32.091,127,0.92
15,curto,dijkstra,todo_centro,11,11,0,0.0,2.455,25.727,32.091,127,0.92
15,curto,dijkstra,limiar_10,11,6,5,0.455,0.273,0.364,14.727,127,0.92
15,curto,dijkstra,limiar_25,11,10,1,0.091,1.182,3.545,28.818,127,0.92
15,curto,dijkstra,limiar_50,11,7,4,0.364,0.818,3.818,21.545,127,0.92
15,curto,dijkstra,otimo,11,11,0,0.0,1.455,5.818,32.091,127,0.92
15,medio,dfs,guloso,15,15,0,0.0,1.4,17.2,64.4,123,0.891
15,medio,dfs,todo_centro,15,15,0,0.0,2.533,68.267,64.4,123,0.891
15,medio,dfs,limiar_10,15,6,9,0.6,0.2,0.133,29.467,123,0.891
15,medio,dfs,limiar_25,15,9,6,0.4,0.667,4.2,44.8,123,0.891
15,medio,dfs,limiar_50,15,12,3,0.2,1.133,12.6,53.867,123,0.891
15,medio,dfs,otimo,15,15,0,0.0,1.4,18.533,64.4,123,0.891
15,medio,bfs,guloso,27,27,0,0.0,1.519,14.667,73.037,111,0.804
15,medio,bfs,todo_centro,27,27,0,0.0,2.741,60.667,73.037,111,0.804
15,medio,bfs,limiar_10,27,8,19,0.704,0.407,0.519,45.667,111,0.804
15,medio,bfs,limiar_25,27,15,12,0.444,1.0,4.815,62.741,111,0.804
15,medio,bfs,limiar_50,27,18,9,0.333,1.259,12.593,62.296,111,0.804
15,medio,bfs,otimo,27,27,0,0.0,1.519,15.074,73.037,111,0.804
15,medio,dijkstra,guloso,46,46,0,0.0,1.696,20.891,66.739,92,0.667
15,medio,dijkstra,todo_centro,46,46,0,0.0,3.152,73.435,66.739,92,0.667
15,medio,dijkstra,limiar_10,46,8,38,0.826,0.174,0.217,36.348,92,0.667
15,medio,dijkstra,limiar_25,46,8,38,0.826,0.348,1.543,42.891,92,0.667
15,medio,dijkstra,limiar_50,46,32,14,0.304,1.413,15.304,59.739,92,0.667
15,medio,dijkstra,otimo,46,46,0,0.0,1.696,22.522,66.739,92,0.667
15,longo,dfs,guloso,50,50,0,0.0,1.46,25.34,101.4,88,0.638
15,longo,dfs,todo_centro,50,50,0,0.0,2.9,117.74,101.4,88,0.638
15,longo,dfs,limiar_10,50,17,33,0.66,0.22,0.62,60.6,88,0.638
15,longo,dfs,limiar_25,50,25,25,0.5,0.42,2.94,67.16,88,0.638
15,longo,dfs,limiar_50,50,33,17,0.34,0.9,16.46,77.58,88,0.638
15,longo,dfs,otimo,50,50,0,0.0,1.46,27.34,101.4,88,0.638
15,longo,bfs,guloso,68,68,0,0.0,1.074,14.368,73.971,70,0.507
15,longo,bfs,todo_centro,68,68,0,0.0,2.5,91.441,73.971,70,0.507
15,longo,bfs,limiar_10,68,23,45,0.662,0.25,0.529,52.412,70,0.507
15,longo,bfs,limiar_25,68,37,31,0.456,0.515,3.868,60.382,70,0.507
15,longo,bfs,limiar_50,68,58,10,0.147,1.118,19.441,71.294,70,0.507
15,longo,bfs,otimo,68,68,0,0.0,1.074,17.676,73.971,70,0.507
15,longo,dijkstra,guloso,83,83,0,0.0,0.928,13.59,65.566,55,0.399
15,longo,dijkstra,todo_centro,83,83,0,0.0,2.614,105.289,65.566,55,0.399
15,longo,dijkstra,limiar_10,83,27,56,0.675,0.241,0.687,50.855,55,0.399
15,longo,dijkstra,limiar_25,83,45,38,0.458,0.458,3.169,55.301,55,0.399
15,longo,dijkstra,limiar_50,83,68,15,0.181,0.783,12.217,61.807,55,0.399
15,longo,dijkstra,otimo,83,83,0,0.0,0.928,20.735,65.566,55,0.399
30,longo,bfs,guloso,112,112,0,0.0,1.179,30.875,159.714,73,0.395
30,longo,bfs,todo_centro,112,112,0,0.0,4.929,491.75,159.714,73,0.395
30,longo,bfs,limiar_10,112,31,81,0.723,0.25,1.045,109.33,73,0.395
30,longo,bfs,limiar_25,112,68,44,0.393,0.723,12.509,135.232,73,0.395
30,longo,bfs,limiar_50,112,92,20,0.179,1.286,39.473,148.295,73,0.395
30,longo,bfs,otimo,112,112,0,0.0,1.179,39.375,159.714,73,0.395
30,longo,dijkstra,guloso,151,151,0,0.0,0.967,15.642,118.318,34,0.184
30,longo,dijkstra,todo_centro,151,151,0,0.0,5.086,534.377,118.318,34,0.184
30,longo,dijkstra,limiar_10,151,56,95,0.629,0.331,1.781,97.589,34,0.184
30,longo,dijkstra,limiar_25,151,104,47,0.311,0.649,10.722,109.722,34,0.184
30,longo,dijkstra,limiar_50,151,136,15,0.099,1.179,43.536,116.033,34,0.184
30,longo,dijkstra,otimo,151,151,0,0.0,0.967,40.94,118.318,34,0.184
30,longo,dfs,guloso,71,71,0,0.0,2.423,65.225,298.704,114,0.616
30,longo,dfs,todo_centro,71,71,0,0.0,9.225,972.845,298.704,114,0.616
30,longo,dfs,limiar_10,71,17,54,0.761,0.437,3.197,153.845,114,0.616
30,longo,dfs,limiar_25,71,30,41,0.577,1.07,18.535,204.746,114,0.616
30,longo,dfs,limiar_50,71,52,19,0.268,2.282,81.859,261.775,114,0.616
30,longo,dfs,otimo,67,67,0,0.0,2.209,73.761,280.433,114,0.63
30,medio,dijkstra,guloso,103,103,0,0.0,1.806,28.592,137.893,82,0.443
30,medio,dijkstra,todo_centro,103,103,0,0.0,6.282,442.291,137.893,82,0.443
30,medio,dijkstra,limiar_10,103,25,78,0.757,0.456,1.728,89.767,82,0.443
30,medio,dijkstra,limiar_25,103,40,63,0.612,0.845,8.612,103.223,82,0.443
30,medio,dijkstra,limiar_50,103,72,31,0.301,1.621,42.961,122.786,82,0.443
30,medio,dijkstra,otimo,103,103,0,0.0,1.806,47.369,137.893,82,0.443
30,curto,dijkstra,guloso,31,31,0,0.0,2.871,38.065,172.742,154,0.832
30,curto,dijkstra,todo_centro,31,31,0,0.0,8.774,438.355,172.742,154,0.832
30,curto,dijkstra,limiar_10,31,6,25,0.806,0.355,0.935,66.226,154,0.832
30,curto,dijkstra,limiar_25,31,9,22,0.71,0.871,8.097,94.677,154,0.832
30,curto,dijkstra,limiar_50,31,23,8,0.258,2.323,41.839,139.194,154,0.832
30,curto,dijkstra,otimo,31,31,0,0.0,2.871,44.355,172.742,154,0.832
30,medio,dfs,guloso,27,27,0,0.0,3.37,81.852,270.593,158,0.854
30,medio,dfs,todo_centro,27,27,0,0.0,9.593,703.185,270.593,158,0.854
30,medio,dfs,limiar_10,27,5,22,0.815,0.259,1.148,85.741,158,0.854
30,medio,dfs,limiar_25,27,7,20,0.741,0.778,11.667,128.074,158,0.854
30,medio,dfs,limiar_50,27,17,10,0.37,2.296,61.296,199.815,158,0.854
30,medio,dfs,otimo,24,24,0,0.0,2.667,76.25,234.333,158,0.868
30,medio,bfs,guloso,46,46,0,0.0,2.065,37.457,167.435,139,0.751
30,medio,bfs,todo_centro,46,46,0,0.0,6.0,403.935,167.435,139,0.751
30,medio,bfs,limiar_10,46,11,35,0.761,0.413,1.522,86.174,139,0.751
30,medio,bfs,limiar_25,46,18,28,0.609,0.717,6.826,102.826,139,0.751
30,medio,bfs,limiar_50,46,35,11,0.239,1.87,46.022,150.696,139,0.751
30,medio,bfs,otimo,46,46,0,0.0,2.065,46.696,167.435,139,0.751
30,curto,dfs,guloso,6,6,0,0.0,1.167,12.333,76.833,179,0.968
30,curto,dfs,todo_centro,6,6,0,0.0,2.667,121.833,76.833,179,0.968
30,curto,dfs,limiar_10,6,5,1,0.167,0.167,0.833,23.0,179,0.968
30,curto,dfs,limiar_25,6,6,0,0.0,1.167,12.833,76.833,179,0.968
30,curto,dfs,limiar_50,6,5,1,0.167,1.0,13.667,72.333,179,0.968
30,curto,dfs,otimo,6,6,0,0.0,1.167,12.833,76.833,179,0.968
30,curto,bfs,guloso,9,9,0,0.0,2.111,38.667,108.667,176,0.951
30,curto,bfs,todo_centro,9,9,0,0.0,4.0,154.667,108.667,176,0.951
30,curto,bfs,limiar_10,9,5,4,0.444,0.111,0.667,32.556,176,0.951
30,curto,bfs,limiar_25,9,5,4,0.444,0.444,3.333,51.0,176,0.951
30,curto,bfs,limiar_50,9,6,3,0.333,1.111,20.0,77.0,176,0.951
30,curto,bfs,otimo,9,9,0,0.0,2.111,41.778,108.667,176,0.951
